date, pm25, pm10, o3, no2, so2, co
2024/4/1, 38, 20, 8, 7, , 
2024/4/2, 38, 19, 7, 8, , 
2024/4/3, 37, 19, 8, 8, , 
2024/4/4, 37, 18, 9, 6, , 
2024/4/5, 35, , , , , 
2024/1/1, 46, 32, 21, 21, , 
2024/1/2, 63, 20, 10, 20, , 
2024/1/3, 39, 30, 21, 25, , 
2024/1/4, 52, 39, 18, 29, , 
2024/1/5, 76, 27, 21, 25, , 
2024/1/6, 54, 30, 32, 22, , 
2024/1/7, 57, 24, 24, 18, , 
2024/1/8, 47, 21, 14, 10, , 
2024/1/9, 41, 26, 2, 8, , 
2024/1/10, 54, 30, 5, 8, , 
2024/1/11, 60, 23, 5, 9, , 
2024/1/12, 47, 26, 7, 9, , 
2024/1/13, 53, 25, 6, 8, , 
2024/1/14, 49, 18, 5, 8, , 
2024/1/15, 30, 15, 6, 7, , 
2024/1/16, 29, 20, 8, 7, , 
2024/1/17, 39, , , , , 
2024/1/25, 57, 30, 103, 11, , 
2024/1/26, 61, 25, 132, 11, , 
2024/1/27, 63, , 121, 10, , 
2024/2/1, 27, 15, 11, 9, , 
2024/2/2, 29, , 9, 7, , 
2024/2/4, 37, 23, 13, 9, , 
2024/2/5, 46, , 18, 12, , 
2024/2/7, 46, 25, 138, 11, , 
2024/2/8, 51, 21, 141, 8, , 
2024/2/9, 42, , 89, 7, , 
2024/2/19, 24, 27, 12, 9, , 
2024/2/20, 54, 24, 13, 11, , 
2024/2/21, 48, , 10, 10, , 
2024/3/3, 66, 32, 117, 19, , 
2024/3/4, 62, 25, 39, 12, , 
2024/3/5, 46, , 94, 12, , 
2024/3/14, 41, 35, 97, 14, , 
2024/3/15, 69, 33, 69, 14, , 
2024/3/16, 66, , 69, 16, , 
2024/3/25, 47, 20, 25, 13, , 
2024/3/26, 39, 28, 31, 11, , 
2024/3/27, 56, 30, 25, 15, , 
2024/3/28, 61, 23, 34, 16, , 
2024/3/29, 46, 22, 22, 12, , 
2024/3/30, 43, 19, 9, 8, , 
2024/3/31, 38, 19, 8, 8, , 
2023/10/1, 32, 17, 3, 9, , 
2023/10/2, 33, 20, 2, 9, , 
2023/10/3, 39, 17, 2, 9, , 
2023/10/4, 34, 18, 2, 9, , 
2023/10/5, 36, 24, 6, 11, , 
2023/10/6, 48, 26, 2, 12, , 
2023/10/7, 51, 12, 3, 10, , 
2023/10/8, 23, 13, 2, 10, , 
2023/10/9, 23, 15, 2, 8, , 
2023/10/10, 29, 10, 2, 9, , 
2023/10/11, 21, 15, 2, 9, , 
2023/10/12, 30, 19, 3, 11, , 
2023/10/13, 36, 33, 21, 13, , 
2023/10/14, 65, 24, 25, 14, , 
2023/10/15, 45, 28, 31, 19, , 
2023/10/16, 54, 34, 42, 26, , 
2023/10/17, 59, 28, 23, 22, , 
2023/10/18, 52, 10, 16, 14, , 
2023/10/19, 21, 12, 18, 13, , 
2023/10/20, 17, 11, 15, 20, , 
2023/10/21, 18, 7, 15, 17, , 
2023/10/22, 14, 20, 13, 24, , 
2023/10/23, 39, 17, 17, 23, , 
2023/10/24, 33, 20, 28, 26, , 
2023/10/25, 42, 24, 22, 29, , 
2023/10/26, 47, 26, 18, 26, , 
2023/10/27, 52, 19, 7, 20, , 
2023/10/28, 38, 20, 5, 14, , 
2023/10/29, 39, 8, 6, 15, , 
2023/10/30, 17, 21, 9, 16, , 
2023/10/31, 40, 30, 13, 15, , 
2023/11/1, 59, 33, 10, 18, , 
2023/11/2, 60, 18, 6, 14, , 
2023/11/3, 37, 14, 4, 12, , 
2023/11/4, 29, 14, 5, 12, , 
2023/11/5, 27, 17, 4, 14, , 
2023/11/6, 33, 21, 8, 16, , 
2023/11/7, 40, 22, 8, 16, , 
2023/11/8, 43, 8, 4, 11, , 
2023/11/9, 16, 6, 3, 10, , 
2023/11/10, 11, 10, 4, 12, , 
2023/11/11, 21, 18, 2, 16, , 
2023/11/12, 37, 12, 3, 11, , 
2023/11/13, 24, 13, 6, 13, , 
2023/11/14, 29, 26, 15, 23, , 
2023/11/15, 52, 16, 14, 19, , 
2023/11/16, 27, 18, 18, 19, , 
2023/11/17, 27, 24, 22, 26, , 
2023/11/18, 40, 27, 27, 28, , 
2023/11/19, 50, 30, 38, 28, , 
2023/11/20, 59, 34, 43, 28, , 
2023/11/21, 66, 37, 22, 30, , 
2023/11/22, 75, 28, 21, 23, , 
2023/11/23, 55, 43, 30, 27, , 
2023/11/24, 85, 39, 33, 27, , 
2023/11/25, 79, 29, 29, 20, , 
2023/11/26, 55, 41, 32, 24, , 
2023/11/27, 81, 47, 32, 28, , 
2023/11/28, 96, 45, 29, 28, , 
2023/11/29, 94, 23, 18, 22, , 
2023/11/30, 47, 22, 13, 17, , 
2023/12/1, 43, 33, 10, 26, , 
2023/12/2, 66, 40, 10, 25, , 
2023/12/3, 78, 29, 9, 15, , 
2023/12/4, 58, 15, 10, 20, , 
2023/12/5, 31, 25, 8, 21, , 
2023/12/6, 48, 27, 18, 20, , 
2023/12/7, 52, 25, 31, 26, , 
2023/12/8, 49, 22, 19, 23, , 
2023/12/9, 46, 18, 17, 20, , 
2023/12/10, 36, 18, 11, 19, , 
2023/12/11, 36, 18, 15, 19, , 
2023/12/12, 37, 34, 29, 24, , 
2023/12/13, 68, 20, 15, 17, , 
2023/12/14, 40, 12, 13, 18, , 
2023/12/15, 25, 14, 5, 17, , 
2023/12/16, 25, 16, 3, 17, , 
2023/12/17, 29, 24, 3, 21, , 
2023/12/18, 46, 14, 6, 12, , 
2023/12/19, 27, 18, 9, 19, , 
2023/12/20, 35, 27, 20, 22, , 
2023/12/21, 50, 35, 23, 21, , 
2023/12/22, 68, 42, 19, 26, , 
2023/12/23, 79, 37, 21, 25, , 
2023/12/24, 68, 30, 22, 25, , 
2023/12/25, 53, 42, 24, 32, , 
2023/12/26, 84, 48, 35, 30, , 
2023/12/27, 96, 42, 33, 30, , 
2023/12/28, 85, 35, 29, 35, , 
2023/12/29, 71, 27, 15, 25, , 
2023/12/30, 54, 31, 21, 22, , 
2023/12/31, 60, 23, 29, 21, , 
2023/7/1, 33, 11, 4, 5, , 
2023/7/2, 21, 7, 3, 5, , 
2023/7/3, 14, 6, 3, 5, , 
2023/7/4, 11, 4, 4, 5, , 
2023/7/5, 8, 10, 3, 5, , 
2023/7/6, 19, 13, 3, 5, , 
2023/7/7, 24, 11, 3, 5, , 
2023/7/8, 22, 11, 3, 5, , 
2023/7/9, 22, 14, 3, 5, , 
2023/7/10, 27, 10, 4, 5, , 
2023/7/11, 21, 10, 5, 5, , 
2023/7/12, 19, 17, 5, 6, , 
2023/7/13, 33, 14, 4, 7, , 
2023/7/14, 27, 22, 4, 7, , 
2023/7/15, 43, 35, 6, 8, , 
2023/7/16, 69, 26, 3, 10, , 
2023/7/17, 46, 19, 7, 5, , 
2023/7/18, 38, 20, 2, 10, , 
2023/7/19, 41, 10, 2, 7, , 
2023/7/20, 20, 7, 7, 6, , 
2023/7/21, 13, 8, 4, 6, , 
2023/7/22, 15, , , , , 
2023/7/27, 15, 28, 6, 8, , 
2023/7/28, 54, 52, 3, 11, , 
2023/7/29, 111, 15, 2, 7, , 
2023/7/30, 30, 10, 1, 7, , 
2023/7/31, 19, 12, 1, 6, , 
2023/8/1, 24, 12, 1, 7, , 
2023/8/2, 25, 9, 1, 4, , 
2023/8/3, 18, 12, 1, 5, , 
2023/8/4, 24, 5, 1, 4, , 
2023/8/5, 11, 4, 1, 5, , 
2023/8/6, 7, 5, 1, 4, , 
2023/8/7, 10, 4, 1, 5, , 
2023/8/8, 7, 5, 3, 6, , 
2023/8/9, 10, 16, 3, 9, , 
2023/8/10, 31, 10, 2, 7, , 
2023/8/11, 20, 12, 2, 7, , 
2023/8/12, 24, 22, 5, 7, , 
2023/8/13, 43, 16, 2, 7, , 
2023/8/14, 31, 11, 3, 7, , 
2023/8/15, 22, 20, 2, 7, , 
2023/8/16, 40, 21, 3, 7, , 
2023/8/17, 41, 24, 3, 6, , 
2023/8/18, 48, 32, 2, 8, , 
2023/8/19, 64, 19, 1, 7, , 
2023/8/20, 39, 12, 1, 7, , 
2023/8/21, 24, 14, 2, 7, , 
2023/8/22, 26, 22, 3, 7, , 
2023/8/23, 43, 15, 2, 8, , 
2023/8/24, 29, 14, 1, 8, , 
2023/8/25, 28, 26, 1, 7, , 
2023/8/26, 53, 21, 2, 8, , 
2023/8/27, 41, 16, 2, 8, , 
2023/8/28, 31, 11, 1, 7, , 
2023/8/29, 21, 18, 3, 9, , 
2023/8/30, 34, 25, 3, 13, , 
2023/8/31, 49, 27, 4, 8, , 
2023/9/1, 53, 20, 3, 9, , 
2023/9/2, 40, 10, 2, 7, , 
2023/9/3, 20, 8, 1, 7, , 
2023/9/4, 16, 14, 3, 8, , 
2023/9/5, 27, 25, 5, 8, , 
2023/9/6, 49, 30, 4, 10, , 
2023/9/7, 59, 24, 4, 11, , 
2023/9/8, 49, 23, 3, 7, , 
2023/9/9, 46, 20, 3, 7, , 
2023/9/10, 41, 25, 9, 8, , 
2023/9/11, 51, 20, 1, 6, , 
2023/9/12, 40, 8, 1, 6, , 
2023/9/13, 16, 4, 1, 5, , 
2023/9/14, 8, 7, 1, 6, , 
2023/9/15, 14, 9, 1, 8, , 
2023/9/16, 18, 13, 1, 8, , 
2023/9/17, 27, 7, 2, 7, , 
2023/9/18, 15, 5, 1, 6, , 
2023/9/19, 11, 10, 1, 7, , 
2023/9/20, 21, 11, 1, 6, , 
2023/9/21, 22, 11, 2, 7, , 
2023/9/22, 23, 12, 3, 8, , 
2023/9/23, 24, 17, 3, 9, , 
2023/9/24, 33, 13, 2, 10, , 
2023/9/25, 24, 12, 1, 6, , 
2023/9/26, 24, 9, 1, 5, , 
2023/9/27, 19, 13, 1, 5, , 
2023/9/28, 25, 12, 1, 8, , 
2023/9/29, 25, 15, 2, 7, , 
2023/9/30, 30, 16, 2, 7, , 
2023/6/22, 21, 13, 4, 8, , 
2023/6/23, 26, 8, 1, 8, , 
2023/6/24, 15, 7, 1, 5, , 
2023/6/25, 14, 7, 1, 5, , 
2023/6/26, 14, 11, 2, 6, , 
2023/6/27, 22, 12, 1, 7, , 
2023/6/28, 24, 11, 2, 5, , 
2023/6/29, 22, 23, 3, 4, , 
2023/6/30, 44, 17, 3, 6, , 
2021/1/4, 61, 48, 31, 21, , 
2021/1/5, 84, 55, 33, 18, , 
2021/1/6, 101, 39, 28, 10, , 
2021/1/7, 78, 12, 22, 9, , 
2021/1/8, 20, 22, 34, 11, , 
2021/1/9, 34, 33, 39, 16, , 
2021/1/10, 46, 33, 38, 15, , 
2021/1/11, 39, 35, 42, 14, , 
2021/1/12, 40, 41, 62, 21, , 
2021/1/13, 68, 43, 72, 24, , 
2021/1/14, 76, 39, 41, 22, , 
2021/1/15, 73, 39, 30, 32, , 
2021/1/16, 71, 48, 47, 19, , 
2021/1/17, 85, 28, 45, 13, , 
2021/1/18, 46, 44, 87, 21, , 
2021/1/19, 82, 39, 66, 24, , 
2021/1/20, 76, 24, 40, 19, , 
2021/1/21, 47, 33, 32, 16, , 
2021/1/22, 63, 44, 48, 14, , 
2021/1/23, 84, 41, 68, 16, , 
2021/1/24, 79, 26, 29, 15, , 
2021/1/25, 51, 24, 21, 8, , 
2021/1/26, 46, 29, 13, , , 
2021/1/27, 54, 28, 19, , , 
2021/1/28, 51, 32, 20, , , 
2021/1/29, 52, 30, 26, , , 
2021/1/30, 58, 18, 22, , , 
2021/1/31, 35, 14, 19, , , 
2021/2/1, 27, 18, 20, , , 
2021/2/2, 35, 22, 17, , , 
2021/2/3, 39, 21, 39, , , 
2021/2/4, 41, 21, 45, , , 
2021/2/5, 37, 22, 47, , , 
2021/2/6, 41, , , , , 
2021/2/8, 31, 11, 33, , , 
2021/2/9, 22, 12, 42, , , 
2021/2/10, 20, 11, 68, , , 
2021/2/11, 21, 12, 49, , , 
2021/2/12, 23, 19, 92, , , 
2021/2/13, 34, 24, 72, , , 
2021/2/14, 46, 18, 45, , , 
2021/2/15, 36, 19, 42, , , 
2021/2/16, 37, 22, 43, , , 
2021/2/17, 40, 24, 51, , , 
2021/2/18, 37, 22, 94, , , 
2021/2/19, 37, 23, 89, , , 
2021/2/20, 42, 19, 64, , , 
2021/2/21, 35, 11, 43, , , 
2021/2/22, 22, 13, 41, , , 
2021/2/23, 24, 12, 39, , , 
2021/2/24, 21, 9, 27, , , 
2021/2/25, 17, 12, 17, , , 
2021/2/26, 22, 17, 8, , , 
2021/2/27, 33, 19, 8, , , 
2021/2/28, 38, 12, 15, , , 
2021/3/1, 23, 10, 9, , , 
2021/3/2, 18, 14, 18, , , 
2021/3/3, 27, 10, 7, , , 
2021/3/4, 19, 12, 10, , , 
2021/3/5, 23, 9, 21, , , 
2021/3/6, 17, 27, 30, , , 
2021/3/7, 33, 21, 18, , , 
2021/3/8, 38, 14, 19, , , 
2021/3/9, 26, 12, 19, , , 
2021/3/10, 24, 15, 16, , , 
2021/3/11, 27, 19, 19, , , 
2021/3/12, 35, 20, 26, , , 
2021/3/13, 35, 16, 24, , , 
2021/3/14, 28, 15, 18, , , 
2021/3/15, 27, 14, 14, , , 
2021/3/16, 27, 13, 18, , , 
2021/3/17, 24, 13, 21, , , 
2021/3/18, 24, , 12, , , 
2020/10/1, 19, 7, 20, , , 
2020/10/2, 12, 6, 9, , , 
2020/10/3, 9, 7, 11, , , 
2020/10/4, 10, 13, 29, , , 
2020/10/5, 18, 19, 27, , , 
2020/10/6, 22, 21, 21, 7, , 
2020/10/7, 21, 13, 22, 11, , 
2020/10/8, 18, 15, 24, 12, , 
2020/10/9, 19, 14, 26, 11, , 
2020/10/10, 21, 19, 29, 10, , 
2020/10/11, 31, 25, 44, 15, , 
2020/10/12, 35, 25, 35, 12, , 
2020/10/13, 36, 3, 23, 7, , 
2020/10/14, 5, 4, 22, 11, , 
2020/10/15, 9, 14, 28, 12, , 
2020/10/16, 19, 11, 22, 13, , 
2020/10/17, 13, 15, 23, 11, , 
2020/10/18, 22, 14, 18, 11, , 
2020/10/19, 21, 17, 29, 13, , 
2020/10/20, 22, 18, 34, 13, , 
2020/10/21, 19, 21, 38, 13, , 
2020/10/22, 23, 28, 53, 17, , 
2020/10/23, 26, 37, 80, 23, , 
2020/10/24, 37, 28, 45, 15, , 
2020/10/25, 37, 20, 37, 18, , 
2020/10/26, 34, 22, 37, 16, , 
2020/10/27, 34, 27, 34, 15, , 
2020/10/28, 35, 19, 35, 11, , 
2020/10/29, 26, 13, 27, 17, , 
2020/10/30, 21, 21, 40, 23, , 
2020/10/31, 36, 25, 38, 21, , 
2020/11/1, 45, 20, 29, 15, , 
2020/11/2, 34, 19, 17, 12, , 
2020/11/3, 31, 25, 28, 15, , 
2020/11/4, 38, 33, 86, 23, , 
2020/11/5, 53, , , , , 
2020/11/9, 40, 35, 41, 24, , 
2020/11/10, 38, 33, 38, 19, , 
2020/11/11, 41, 34, 64, 22, , 
2020/11/12, 44, 33, 47, 22, , 
2020/11/13, 42, 30, 36, 18, , 
2020/11/14, 42, 17, 23, 15, , 
2020/11/15, 31, 24, 26, 21, , 
2020/11/16, 45, 17, 19, 17, , 
2020/11/17, 31, 12, 19, 14, , 
2020/11/18, 22, 10, 11, 14, , 
2020/11/19, 18, 9, 13, 14, , 
2020/11/20, 17, 8, 17, 13, , 
2020/11/21, 15, 13, 13, 17, , 
2020/11/22, 20, 16, 28, 17, , 
2020/11/23, 22, 22, 24, 21, , 
2020/11/24, 37, 19, 30, 16, , 
2020/11/25, 34, 22, 39, 16, , 
2020/11/26, 34, 31, 36, 15, , 
2020/11/27, 44, 25, 22, 11, , 
2020/11/28, 33, 20, 25, 11, , 
2020/11/29, 24, 32, 25, 13, , 
2020/11/30, 36, 36, 23, 16, , 
2020/12/1, 43, 34, 35, 14, , 
2020/12/2, 43, 32, 26, 10, , 
2020/12/3, 44, 30, 22, 9, , 
2020/12/4, 35, 30, 27, 13, , 
2020/12/5, 36, 28, 24, 16, , 
2020/12/6, 43, 35, 31, 15, , 
2020/12/7, 51, 28, 25, 12, , 
2020/12/8, 44, 30, 29, 15, , 
2020/12/9, 46, 41, 38, 15, , 
2020/12/10, 60, 36, 40, 15, , 
2020/12/11, 61, 31, 35, 12, , 
2020/12/12, 55, 32, 29, 11, , 
2020/12/13, 61, 16, 10, 10, , 
2020/12/14, 30, 8, 15, 6, , 
2020/12/15, 15, 10, 13, 8, , 
2020/12/16, 15, 13, 13, 10, , 
2020/12/17, 23, 16, 20, 7, , 
2020/12/18, 21, 21, 21, 9, , 
2020/12/19, 36, 27, 35, 12, , 
2020/12/20, 42, 32, 33, 14, , 
2020/12/21, 50, 35, 23, 17, , 
2020/12/22, 55, 31, 21, 18, , 
2020/12/23, 57, 18, 13, 12, , 
2020/12/24, 35, 28, 17, 14, , 
2020/12/25, 47, 43, 9, 16, , 
2020/12/26, 84, 21, 5, 13, , 
2020/12/27, 42, 25, 16, 11, , 
2020/12/28, 48, 21, 22, 11, , 
2020/12/29, 37, 23, 39, 9, , 
2020/12/30, 31, 34, 30, 13, , 
2020/12/31, 40, 23, 35, 11, , 
2021/1/1, 33, 35, 41, 13, , 
2021/1/2, 52, 36, 31, 15, , 
2021/1/3, 57, 34, 37, 13, , 
2020/7/1, 13, 11, 19, 11, , 
2020/7/2, 19, 10, 13, 17, , 
2020/7/3, 14, 8, 14, 11, , 
2020/7/4, 13, 8, 14, 9, , 
2020/7/5, 11, 11, 14, 8, , 
2020/7/6, 14, 15, 15, 8, , 
2020/7/7, 22, 13, 18, 9, , 
2020/7/8, 18, 15, 22, 10, , 
2020/7/9, 18, 15, 21, 9, , 
2020/7/10, 19, 12, 21, 12, , 
2020/7/11, 17, 13, 19, 8, , 
2020/7/12, 19, 13, 17, 10, , 
2020/7/13, 19, 11, 16, 9, , 
2020/7/14, 16, 11, 16, 9, , 
2020/7/15, 15, 14, 17, 9, , 
2020/7/16, 19, 12, 16, 9, , 
2020/7/17, 16, 13, 17, 8, , 
2020/7/18, 19, 13, 18, 11, , 
2020/7/19, 20, 11, 14, 9, , 
2020/7/20, 18, 9, 11, 8, , 
2020/7/21, 11, 11, 11, 9, , 
2020/7/22, 11, 7, 11, 10, , 
2020/7/23, 8, 20, 11, 11, , 
2020/7/24, 19, 9, 11, 11, , 
2020/7/25, 10, 8, 17, 10, , 
2020/7/26, 11, 13, 15, 15, , 
2020/7/27, 20, 14, 15, 16, , 
2020/7/28, 20, 9, 18, 10, , 
2020/7/29, 13, 10, 15, 13, , 
2020/7/30, 15, 14, 14, 20, , 
2020/7/31, 19, 11, 12, 13, , 
2020/8/1, 17, 4, 12, 10, , 
2020/8/2, 7, , 9, 14, , 
2020/8/4, 12, 6, 10, 13, , 
2020/8/5, 10, 6, 12, 12, , 
2020/8/6, 11, 8, 12, 10, , 
2020/8/7, 12, 10, 11, 10, , 
2020/8/8, 12, 7, 17, 9, , 
2020/8/9, 10, 9, 19, 10, , 
2020/8/10, 13, 8, 20, 10, , 
2020/8/11, 11, 10, 18, 8, , 
2020/8/12, 13, 7, 13, 12, , 
2020/8/13, 11, 7, 9, 13, , 
2020/8/14, 11, 7, 8, 10, , 
2020/8/15, 11, , , , , 
2020/8/17, 5, 3, 8, 13, , 
2020/8/18, 5, 8, 10, 13, , 
2020/8/19, 12, 8, 9, 15, , 
2020/8/20, 12, 6, 19, 14, , 
2020/8/21, 9, 9, 18, 14, , 
2020/8/22, 10, 5, 20, 9, , 
2020/8/23, 7, 5, 18, 11, , 
2020/8/24, 8, 7, 41, 13, , 
2020/8/25, 10, 15, 27, 17, , 
2020/8/26, 25, 15, 41, , , 
2020/8/27, 26, 10, 24, , , 
2020/8/28, 16, 8, 28, , , 
2020/8/29, 12, 9, 29, , , 
2020/8/30, 14, 11, 45, , , 
2020/8/31, 17, 23, 99, , , 
2020/9/1, 37, 24, 108, , , 
2020/9/2, 42, 22, 48, , , 
2020/9/3, 39, 14, 31, , , 
2020/9/4, 24, 6, 18, , , 
2020/9/5, 11, 5, 29, , , 
2020/9/6, 8, 7, 22, , , 
2020/9/7, 13, 7, 13, , , 
2020/9/8, 12, 6, 14, , , 
2020/9/9, 10, 7, 16, , , 
2020/9/10, 10, 6, 14, , , 
2020/9/11, 11, 6, 12, , , 
2020/9/12, 10, 7, 13, , , 
2020/9/13, 10, 10, 14, , , 
2020/9/14, 14, 8, 27, , , 
2020/9/15, 11, 5, 12, , , 
2020/9/16, 6, 11, 18, , , 
2020/9/17, 14, 7, 29, , , 
2020/9/18, 10, 4, 21, , , 
2020/9/19, 7, 4, 7, , , 
2020/9/20, 7, 5, 11, , , 
2020/9/21, 7, 3, 10, , , 
2020/9/22, 5, 4, 10, , , 
2020/9/23, 7, 10, 20, , , 
2020/9/24, 11, 12, 34, , , 
2020/9/25, 18, 7, 17, , , 
2020/9/26, 12, 9, 26, , , 
2020/9/27, 14, 11, 27, , , 
2020/9/28, 17, 12, 29, , , 
2020/9/29, 17, 5, 13, , , 
2020/9/30, 7, 11, 21, , , 
2020/4/1, 61, 33, 7, 12, , 
2020/4/2, 58, 36, 6, 13, , 
2020/4/3, 61, 21, 5, 11, , 
2020/4/4, 37, 13, 5, 8, , 
2020/4/5, 21, 13, 6, 10, , 
2020/4/6, 20, 18, 7, 13, , 
2020/4/7, 33, 39, 6, 18, , 
2020/4/8, 70, 45, 19, 14, , 
2020/4/9, 63, 34, 12, 18, , 
2020/4/10, 58, 28, 11, 15, , 
2020/4/11, 49, 45, 20, 13, , 
2020/4/12, 46, 42, 14, 15, , 
2020/4/13, 59, 32, 27, 12, , 
2020/4/14, 44, 42, 28, 16, , 
2020/4/15, 68, 34, 12, 18, , 
2020/4/16, 58, 32, 12, 16, , 
2020/4/17, 50, 26, 12, 15, , 
2020/4/18, 45, 25, 9, 10, , 
2020/4/19, 41, 20, 12, 9, , 
2020/4/20, 30, 15, 11, 8, , 
2020/4/21, 27, 22, 10, 13, , 
2020/4/22, 35, 15, 7, 13, , 
2020/4/23, 24, 12, 12, 12, , 
2020/4/24, 20, 81, 13, 13, , 
2020/4/25, 99, 28, 10, 11, , 
2020/4/26, 46, 36, 23, 13, , 
2020/4/27, 48, 41, 28, 16, , 
2020/4/28, 60, 43, 25, 19, , 
2020/4/29, 60, 29, 18, 15, , 
2020/4/30, 43, 18, 16, 8, , 
2020/5/1, 32, 15, 9, 8, , 
2020/5/2, 24, 12, 11, 8, , 
2020/5/3, 20, 11, 12, 8, , 
2020/5/4, 18, 12, 11, 8, , 
2020/5/5, 19, 11, 12, 8, , 
2020/5/6, 19, 14, 12, 8, , 
2020/5/7, 21, 14, 15, 9, , 
2020/5/8, 24, 18, 15, 12, , 
2020/5/9, 30, 19, 19, 11, , 
2020/5/10, 28, 13, 14, 9, , 
2020/5/11, 21, 16, 20, 15, , 
2020/5/12, 26, 19, 18, 15, , 
2020/5/13, 32, 12, 16, 12, , 
2020/5/14, 19, 11, 13, 10, , 
2020/5/15, 18, 12, 13, 9, , 
2020/5/16, 19, 11, 17, 14, , 
2020/5/17, 16, 14, 19, 19, , 
2020/5/18, 20, 18, 18, 16, , 
2020/5/19, 28, 15, 21, 13, , 
2020/5/20, 24, 21, 21, 16, , 
2020/5/21, 25, 25, 18, 21, , 
2020/5/22, 28, 23, 27, 18, , 
2020/5/23, 32, 26, 20, 17, , 
2020/5/24, 34, 13, 20, 11, , 
2020/5/25, 18, 22, 12, 19, , 
2020/5/26, 26, 21, 21, 18, , 
2020/5/27, 25, 23, 27, 15, , 
2020/5/28, 34, 19, 18, 12, , 
2020/5/29, 28, 13, 18, 10, , 
2020/5/30, 15, 13, 17, 10, , 
2020/5/31, 14, 11, 18, 10, , 
2020/6/1, 15, 17, 17, 9, , 
2020/6/2, 20, 11, 16, 9, , 
2020/6/3, 14, 14, 16, 9, , 
2020/6/4, 14, 12, 16, 10, , 
2020/6/5, 16, 12, 18, 10, , 
2020/6/6, 14, 11, 17, 10, , 
2020/6/7, 12, 11, 16, 11, , 
2020/6/8, 11, 13, 18, 9, , 
2020/6/9, 15, 15, 17, 10, , 
2020/6/10, 23, 15, 17, 11, , 
2020/6/11, 22, 13, 17, 10, , 
2020/6/12, 20, 10, 16, 10, , 
2020/6/13, 15, 11, 16, 16, , 
2020/6/14, 18, 9, 18, 14, , 
2020/6/15, 15, 11, 15, 8, , 
2020/6/16, 13, 13, 15, 7, , 
2020/6/17, 13, 9, 13, 9, , 
2020/6/18, 11, 10, 14, 10, , 
2020/6/19, 14, 12, 15, 8, , 
2020/6/20, 15, 15, 18, 8, , 
2020/6/21, 19, 15, 19, 11, , 
2020/6/22, 21, 17, 20, 9, , 
2020/6/23, 22, 15, 21, 10, , 
2020/6/24, 20, 14, 20, 12, , 
2020/6/25, 20, 15, 20, 10, , 
2020/6/26, 19, 12, 18, 8, , 
2020/6/27, 20, 15, 17, 10, , 
2020/6/28, 21, 15, 18, 9, , 
2020/6/29, 23, 11, 21, 9, , 
2020/6/30, 16, 10, 22, 10, , 
2020/1/1, 81, 34, 14, 20, , 
2020/1/2, 54, 36, 14, 23, , 
2020/1/3, 53, 45, 12, 23, , 
2020/1/4, 77, 35, 21, 20, , 
2020/1/5, 48, 31, 14, 19, , 
2020/1/6, 49, 32, 9, 19, , 
2020/1/7, 55, 37, 9, 29, , 
2020/1/8, 57, 35, 17, 21, , 
2020/1/9, 56, 29, 13, 17, , 
2020/1/10, 48, 35, 7, 18, , 
2020/1/11, 60, 28, 8, 14, , 
2020/1/12, 42, 49, 3, 26, , 
2020/1/13, 83, 43, 11, 27, , 
2020/1/14, 83, 33, 14, 20, , 
2020/1/15, 51, 32, 12, 23, , 
2020/1/16, 50, 34, 2, 15, , 
2020/1/17, 56, 46, 4, 20, , 
2020/1/18, 85, 44, 5, 16, , 
2020/1/19, 84, 51, 5, 18, , 
2020/1/20, 106, 53, 7, 20, , 
2020/1/21, 108, 39, 8, 17, , 
2020/1/22, 71, 26, 11, 16, , 
2020/1/23, 46, 30, 9, 11, , 
2020/1/24, 54, 13, 10, 7, , 
2020/1/25, 24, 12, 9, 14, , 
2020/1/26, 14, 18, 10, 13, , 
2020/1/27, 28, 29, 7, 16, , 
2020/1/28, 46, 39, 12, 11, , 
2020/1/29, 66, 46, 19, 19, , 
2020/1/30, 71, 51, 24, 24, , 
2020/1/31, 73, 38, 14, 28, , 
2020/2/1, 67, 44, 5, 20, , 
2020/2/2, 80, 43, 11, 19, , 
2020/2/3, 76, 26, 3, 16, , 
2020/2/4, 45, 38, 2, 18, , 
2020/2/5, 69, 46, 4, 19, , 
2020/2/6, 80, 31, 11, 17, , 
2020/2/7, 55, 33, 11, 17, , 
2020/2/8, 60, 20, 8, 13, , 
2020/2/9, 32, 30, 5, 19, , 
2020/2/10, 49, 46, 9, 21, , 
2020/2/11, 83, 35, 9, 20, , 
2020/2/12, 64, 23, 9, 15, , 
2020/2/13, 42, 19, 8, 15, , 
2020/2/14, 34, 26, 7, 13, , 
2020/2/15, 42, , , , , 
2020/2/17, 47, 63, 19, 24, , 
2020/2/18, 52, 72, 6, 33, , 
2020/2/19, 114, 56, 11, 27, , 
2020/2/20, 108, 47, 17, 23, , 
2020/2/21, 76, 56, 23, 22, , 
2020/2/22, 105, 61, 22, 19, , 
2020/2/23, 108, 42, 18, 18, , 
2020/2/24, 69, 36, 14, 17, , 
2020/2/25, 60, 39, 10, 17, , 
2020/2/26, 57, 35, 8, 17, , 
2020/2/27, 47, 22, 10, 15, , 
2020/2/28, 34, 28, 8, 14, , 
2020/2/29, 50, 28, 11, 17, , 
2020/3/1, 44, 27, 9, 16, , 
2020/3/2, 43, 24, 7, 12, , 
2020/3/3, 39, 17, 10, 13, , 
2020/3/4, 30, 17, 6, 13, , 
2020/3/5, 28, 25, 4, 15, , 
2020/3/6, 42, 26, 10, 17, , 
2020/3/7, 44, 27, 13, 12, , 
2020/3/8, 42, 33, 14, 15, , 
2020/3/9, 53, 55, 17, 20, , 
2020/3/10, 61, 54, 12, 27, , 
2020/3/11, 71, 34, 10, 18, , 
2020/3/12, 62, 20, 6, 11, , 
2020/3/13, 34, 39, 10, 14, , 
2020/3/14, 54, 53, 15, 23, , 
2020/3/15, 85, 25, 8, 22, , 
2020/3/16, 48, 35, 10, 17, , 
2020/3/17, 60, 27, 6, 17, , 
2020/3/18, 44, 23, 5, 13, , 
2020/3/19, 40, 24, 5, 11, , 
2020/3/20, 40, 29, 9, 14, , 
2020/3/21, 50, 24, 10, 11, , 
2020/3/22, 40, 27, 9, 12, , 
2020/3/23, 37, 24, 10, 11, , 
2020/3/24, 33, 24, 11, 10, , 
2020/3/25, 35, 20, 10, 9, , 
2020/3/26, 33, 21, 10, 11, , 
2020/3/27, 35, 31, 10, 12, , 
2020/3/28, 49, 34, 10, 11, , 
2020/3/29, 55, , , , , 
2019/10/1, 83, 35, 10, 18, , 
2019/10/2, 94, , , , , 
2019/10/9, 61, 20, 6, 17, , 
2019/10/10, 45, 16, 9, 17, , 
2019/10/11, 36, 17, 7, 17, , 
2019/10/12, 37, 20, 25, 19, , 
2019/10/13, 43, 34, 24, 19, , 
2019/10/14, 73, 31, 20, 19, , 
2019/10/15, 55, 31, 39, 21, , 
2019/10/16, 60, 33, 20, 21, , 
2019/10/17, 83, 25, 20, 18, , 
2019/10/18, 54, 21, 29, 19, , 
2019/10/19, 43, 31, 50, 19, , 
2019/10/20, 64, 29, 42, 20, , 
2019/10/21, 74, 23, 33, 18, , 
2019/10/22, 54, 20, 31, 17, , 
2019/10/23, 44, 14, 10, 19, , 
2019/10/24, 34, 25, 37, 21, , 
2019/10/25, 53, 30, 25, 21, , 
2019/10/26, 66, 24, 29, 20, , 
2019/10/27, 59, 34, 9, 18, , 
2019/10/28, 58, 33, 30, 17, , 
2019/10/29, 36, 51, 33, 11, , 
2019/10/30, 48, 39, 27, 8, , 
2019/10/31, 56, 24, 26, 11, , 
2019/11/1, 57, 35, 23, 21, , 
2019/11/2, 60, 37, 26, 18, , 
2019/11/3, 82, 41, 35, 19, , 
2019/11/4, 72, 57, 53, 27, , 
2019/11/5, 88, 53, 57, 27, , 
2019/11/6, 110, 52, 51, 24, , 
2019/11/7, 108, 53, 42, 25, , 
2019/11/8, 84, 47, 49, 26, , 
2019/11/9, 91, 50, 58, 26, , 
2019/11/10, 95, 46, 47, 26, , 
2019/11/11, 99, 36, 34, 28, , 
2019/11/12, 85, 29, 11, 20, , 
2019/11/13, 55, 14, 13, 15, , 
2019/11/14, 31, 28, 39, 21, , 
2019/11/15, 61, 33, 33, 20, , 
2019/11/16, 77, 16, 23, 11, , 
2019/11/17, 40, 25, 13, 17, , 
2019/11/18, 41, 25, 10, 15, , 
2019/11/19, 37, 49, 10, 26, , 
2019/11/20, 62, 58, 16, 30, , 
2019/11/21, 84, 57, 24, 26, , 
2019/11/22, 90, 54, 28, 25, , 
2019/11/23, 96, 30, 18, 22, , 
2019/11/24, 51, 51, 25, 26, , 
2019/11/25, 66, 66, 18, 31, , 
2019/11/26, 106, 59, 6, 26, , 
2019/11/27, 90, 52, 4, 18, , 
2019/11/28, 52, 60, 8, 26, , 
2019/11/29, 62, 62, 12, 31, , 
2019/11/30, 86, 52, 8, 24, , 
2019/12/1, 80, 40, 6, 17, , 
2019/12/2, 38, 63, 8, 25, , 
2019/12/3, 64, 70, , 29, , 
2019/12/4, 78, 64, , 23, , 
2019/12/5, 64, 71, , 24, , 
2019/12/6, 75, 86, , 28, , 
2019/12/7, 79, 79, , 30, , 
2019/12/8, 104, 81, , 35, , 
2019/12/9, 118, 75, , 34, , 
2019/12/10, 120, 77, , 36, , 
2019/12/11, 130, 86, , 35, , 
2019/12/12, 163, , , , , 
2019/12/23, 97, 53, 5, 20, , 
2019/12/24, 99, 50, 4, 18, , 
2019/12/25, 90, 40, 4, 17, , 
2019/12/26, 59, 39, 6, 16, , 
2019/12/27, 50, 60, 9, 27, , 
2019/12/28, 97, 58, 16, 26, , 
2019/12/29, 104, , , , , 
2019/7/1, 25, 29, 25, 13, , 
2019/7/2, 48, 20, 16, 11, , 
2019/7/3, 32, 13, 20, 4, , 
2019/7/4, 22, 11, 20, 7, , 
2019/7/5, 20, 10, 28, 8, , 
2019/7/6, 20, 10, 26, 9, , 
2019/7/7, 19, 11, 28, 8, , 
2019/7/8, 20, 12, 25, 10, , 
2019/7/9, 26, 16, 14, 14, , 
2019/7/10, 31, 13, 23, 14, , 
2019/7/11, 28, 14, 22, 10, , 
2019/7/12, 26, 17, 25, 10, , 
2019/7/13, 36, 17, 28, 14, , 
2019/7/14, 34, 15, 19, 12, , 
2019/7/15, 33, 12, 20, 8, , 
2019/7/16, 27, 14, 17, 7, , 
2019/7/17, 28, 13, 21, 5, , 
2019/7/18, 30, 18, 31, 5, , 
2019/7/19, 41, 16, 20, 6, , 
2019/7/20, 28, 20, 18, 4, , 
2019/7/21, 42, 13, 11, 3, , 
2019/7/22, 26, 13, 10, 3, , 
2019/7/23, 21, 14, 9, 2, , 
2019/7/24, 24, 8, 5, 2, , 
2019/7/25, 19, , , , , 
2019/7/28, 16, 10, 14, 4, , 
2019/7/29, 21, 11, 12, 3, , 
2019/7/30, 24, 14, 15, 3, , 
2019/7/31, 22, 11, 12, 6, , 
2019/8/1, 26, 10, 10, 7, , 
2019/8/2, 27, 4, 11, 9, , 
2019/8/3, 12, 5, 13, 13, , 
2019/8/4, 14, 9, 12, 15, , 
2019/8/5, 22, 13, 18, 11, , 
2019/8/6, 29, 18, 42, 11, , 
2019/8/7, 43, 24, 34, 26, , 
2019/8/8, 55, 18, 30, 29, , 
2019/8/9, 42, 15, 51, 28, , 
2019/8/10, 35, 8, 32, 21, , 
2019/8/11, 16, 8, 37, 25, , 
2019/8/12, 12, 11, 48, 26, , 
2019/8/13, 22, 22, 30, 32, , 
2019/8/14, 37, 32, 27, 36, , 
2019/8/15, 77, 30, 100, 32, , 
2019/8/16, 77, 20, 58, 26, , 
2019/8/17, 36, 16, 81, 30, , 
2019/8/18, 32, 28, 268, 36, , 
2019/8/19, 62, 26, 44, 29, , 
2019/8/20, 70, 15, 15, 29, , 
2019/8/21, 33, 12, 17, 30, , 
2019/8/22, 27, 20, 10, 23, , 
2019/8/23, 47, 18, 22, 18, , 
2019/8/24, 40, 23, 56, 18, , 
2019/8/25, 56, 33, 29, 18, , 
2019/8/26, 90, 19, 8, 19, , 
2019/8/27, 46, 15, 10, 19, , 
2019/8/28, 30, 23, 14, 19, , 
2019/8/29, 39, 11, 5, 17, , 
2019/8/30, 26, 5, 8, 17, , 
2019/8/31, 13, 5, 6, 15, , 
2019/9/1, 13, , , , , 
2019/9/3, 24, 17, 19, 17, , 
2019/9/4, 34, 22, 30, 18, , 
2019/9/5, 45, 28, 49, 18, , 
2019/9/6, 68, 32, 33, 17, , 
2019/9/7, 84, 25, 19, 18, , 
2019/9/8, 68, 18, 19, 18, , 
2019/9/9, 44, 22, 15, 17, , 
2019/9/10, 50, 14, 5, 19, , 
2019/9/11, 28, 15, 22, 19, , 
2019/9/12, 34, 19, 21, 19, , 
2019/9/13, 42, 16, 34, 19, , 
2019/9/14, 37, 33, 32, 19, , 
2019/9/15, 86, 37, 23, 18, , 
2019/9/16, 99, , , , , 
2019/9/24, 66, 38, 65, 20, , 
2019/9/25, 61, 31, 64, 20, , 
2019/9/26, 60, 38, 64, 22, , 
2019/9/27, 69, 34, 85, 20, , 
2019/9/28, 72, 36, 97, 19, , 
2019/9/29, 85, 37, 88, 19, , 
2019/9/30, 86, 33, 63, 19, , 
2019/5/28, , , 14, 22, , 
2019/5/29, , , 14, 10, , 
2019/5/30, , , 5, 2, , 
2019/5/31, , , 8, 2, , 
2019/6/1, , , 22, 3, , 
2019/6/2, , , 28, 3, , 
2019/6/3, , , 20, 3, , 
2019/6/4, , , 16, 2, , 
2019/6/5, , , , 2, , 
2019/6/6, , , , 3, , 
2019/6/7, , , 11, 2, , 
2019/6/8, , , 18, 3, , 
2019/6/9, , , 18, 2, , 
2019/6/10, , , 55, , , 
2019/6/11, , , 26, , , 
2019/6/12, , , 10, , , 
2019/6/14, , , 11, , , 
2019/6/15, , , 8, , , 
2019/6/16, , , 9, , , 
2019/6/17, , , , , , 
2019/6/18, , , 13, , , 
2019/6/19, , , 15, , , 
2019/6/20, , , 16, , , 
2019/6/21, , , 25, , , 
2019/6/22, , , 35, , , 
2019/6/23, , , 11, , , 
2019/6/24, , , 24, , , 
2019/6/25, , , 13, , , 
2019/6/26, , , , , , 
2019/6/27, , 5, 24, 5, , 
2019/6/28, 8, 10, 32, 10, , 
2019/6/29, 16, 11, 29, 14, , 
2019/6/30, 21, 12, 18, 10, , 
2017/7/1, 41, 18, 21, , 15, 
2017/7/2, 52, 24, 23, , 15, 
2017/7/3, 59, 14, 22, , 17, 
2017/7/4, 42, 16, 22, , 17, 
2017/7/5, 42, 13, 21, , 18, 
2017/7/6, 40, , , , , 
2017/7/10, 41, 11, 22, , 20, 
2017/7/11, 35, 17, 22, , 19, 
2017/7/12, 42, 11, 23, , 20, 
2017/7/13, 32, 9, 27, , 21, 
2017/7/14, 30, , , , , 
2017/6/9, 52, 10, 26, , 5, 
2017/6/10, 32, , , , , 
2017/6/22, 68, 42, 21, , 9, 
2017/6/23, 77, 33, 22, , 10, 
2017/6/24, 60, 23, 20, , 10, 
2017/6/25, 50, 20, 19, , 11, 
2017/6/26, 48, 21, 19, , 12, 
2017/6/27, 50, 20, 21, , 12, 
2017/6/28, 48, 13, 13, , 14, 
2017/6/29, 42, 12, 20, , 14, 
2017/6/30, 40, 16, 20, , 13, 
2016/4/4, 133, 45, 5, , 12, 13
2016/4/5, 119, 45, 14, , 12, 35
2016/4/6, 109, 53, 14, , 12, 6
2016/4/7, 94, 55, 6, , 12, 19
2016/4/8, 135, , , , , 
2016/3/17, 91, , 2, , 10, 19
2014/10/1, 61, 29, 31, 31, 19, 25
2014/10/2, 84, 39, 44, 28, 19, 25
2014/10/3, 79, 38, 42, 27, 19, 25
2014/10/4, 85, 39, 37, 30, 19, 24
2014/10/5, 88, 45, 37, 30, 20, 24
2014/10/6, 117, 85, 55, 42, 23, 27
2014/10/7, 140, 75, 65, 40, 22, 27
2014/10/8, 148, 73, 68, 38, 23, 28
2014/10/9, 152, 71, 64, 45, 22, 28
2014/10/10, 137, 70, 57, 42, 22, 27
2014/10/11, 133, 69, 50, 41, 22, 27
2014/10/12, 126, 72, 52, 41, 22, 27
2014/10/13, 134, 77, 54, 46, 22, 28
2014/10/14, 149, 80, 55, 47, 24, 30
2014/10/15, 157, 69, 60, 42, 22, 30
2014/10/16, 149, 69, 52, 49, 21, 29
2014/10/17, 143, 61, 51, 44, 22, 27
2014/10/18, 125, 52, 39, 39, 21, 26
2014/10/19, 107, 41, 24, 32, 21, 26
2014/10/20, 83, 33, 24, 28, 23, 26
2014/10/21, 69, 39, 33, 29, 22, 25
2014/10/22, 74, 62, 41, 42, 22, 29
2014/10/23, 105, 55, 40, 40, 22, 28
2014/10/24, 107, 24, 22, 38, 23, 50
2014/10/25, 70, , , , , 
2014/10/28, 79, 27, 29, 22, 20, 27
2014/10/29, 69, 18, 27, 20, 21, 30
2014/10/30, 43, 25, 23, 22, 21, 24
2014/10/31, 60, 24, 23, 23, 21, 27
2014/11/1, 60, 28, 18, 25, 22, 27
2014/11/2, 61, 35, 29, 25, 23, 31
2014/11/3, 65, 44, 30, 37, 21, 27
2014/11/4, 80, 46, 41, 42, 22, 29
2014/11/5, 100, 46, 25, 41, 22, 24
2014/11/6, 92, 23, 16, 32, 21, 33
2014/11/7, 67, 16, 23, 22, 22, 26
2014/11/8, 41, 34, 22, 28, 21, 27
2014/11/9, 84, 40, 18, 31, 22, 27
2014/11/10, 94, 27, 24, 28, 23, 26
2014/11/11, 68, 36, 21, 16, 22, 29
2014/11/12, 67, 46, 25, 23, 23, 24
2014/11/13, 87, 57, 38, 26, 24, 28
2014/11/14, 113, 66, 36, 34, 24, 34
2014/11/15, 142, 65, 47, 29, 26, 34
2014/11/16, 134, 60, 29, 18, 24, 27
2014/11/17, 123, 55, 30, 19, 23, 27
2014/11/18, 103, 70, 45, 30, 26, 29
2014/11/19, 136, 74, 43, 35, 25, 30
2014/11/20, 151, 65, 41, 36, 24, 29
2014/11/21, 135, 47, 35, 26, 24, 31
2014/11/22, 100, , , , , 
2014/12/3, 65, 23, 21, 19, 23, 32
2014/12/4, 53, 53, 29, 23, 24, 29
2014/12/5, 96, 61, 21, 27, 25, 27
2014/12/6, 112, 38, 23, 18, 24, 24
2014/12/7, 74, 65, 25, 24, 27, 31
2014/12/8, 119, 68, 28, 29, 25, 29
2014/12/9, 136, 69, 46, 31, 25, 30
2014/12/10, 148, 54, 23, 20, 26, 27
2014/12/11, 101, 64, 33, 17, 25, 29
2014/12/12, 114, 69, 34, 25, 27, 27
2014/12/13, 119, 84, 36, 36, 27, 30
2014/12/14, 146, 75, 38, 36, 27, 30
2014/12/15, 150, 73, 36, 22, 26, 27
2014/12/16, 149, 80, 36, 30, 29, 25
2014/12/17, 137, 89, 43, 34, 28, 26
2014/12/18, 127, 77, 37, 37, 28, 32
2014/12/19, 140, 72, 48, 34, 28, 27
2014/12/20, 152, 87, 46, 38, 29, 30
2014/12/21, 160, 77, 50, 30, 27, 27
2014/12/22, 157, 84, 31, 43, 26, 31
2014/12/23, 164, 78, 29, 37, 27, 32
2014/12/24, 160, 73, 24, 36, 25, 31
2014/12/25, 148, 39, 17, 27, 23, 35
2014/12/26, 102, 22, 22, 22, 23, 36
2014/12/27, 65, , , , , 
2014/8/12, 49, 22, 24, 16, 16, 20
2014/8/13, 53, 18, 26, 17, 17, 31
2014/8/14, 55, 23, 37, 37, 19, 26
2014/8/15, 44, 15, 30, 14, 24, 63
2014/8/16, 44, 15, 7, , 18, 12
2014/8/18, 46, 20, 17, 16, 16, 8
2014/8/19, 51, 22, 26, 21, 18, 24
2014/8/20, 38, 14, 24, 17, 23, 27
2014/8/21, 61, 26, 23, 16, 19, 30
2014/8/22, 56, 23, 25, 16, 18, 28
2014/8/23, 49, 19, 21, 64, 18, 27
2014/8/24, 49, 17, 28, 118, 20, 39
2014/8/25, 47, 19, 24, 117, 18, 24
2014/8/26, 58, 29, 16, 13, 18, 26
2014/8/27, 46, 20, 26, 8, 18, 25
2014/8/28, 28, 12, 23, 12, 19, 20
2014/8/29, 41, 17, 22, 12, 18, 28
2014/8/30, 46, 20, 25, 12, 19, 25
2014/8/31, 55, 22, 19, 8, 20, 32
2014/9/1, 29, 9, 17, 8, 18, 28
2014/9/2, 35, 13, 29, 16, 18, 23
2014/9/3, 42, 17, 28, 119, 18, 23
2014/9/4, 41, 16, 27, 14, 19, 29
2014/9/5, 31, 13, 27, 62, 18, 26
2014/9/6, 50, 22, 43, 18, 19, 27
2014/9/7, 69, 31, 44, 104, 19, 23
2014/9/8, 62, 29, 33, 20, 18, 26
2014/9/9, 64, 28, 31, 17, 18, 25
2014/9/10, 46, 20, 27, 9, 18, 27
2014/9/11, 42, 20, 28, 12, 18, 26
2014/9/12, 40, 20, 28, 14, 18, 28
2014/9/13, 59, 25, 33, 62, 18, 22
2014/9/14, 60, 27, 29, 24, 18, 24
2014/9/15, 61, 29, 37, 17, 18, 24
2014/9/16, 64, 28, 26, 9, 19, 22
2014/9/17, 41, 14, 27, 12, 19, 20
2014/9/18, 48, 18, 27, 21, 19, 25
2014/9/19, 54, 22, 26, 16, 26, 24
2014/9/20, 63, 27, 24, 101, 20, 24
2014/9/21, 64, 26, 27, , 20, 32
2014/9/23, 86, 45, 39, 29, 17, 10
2014/9/24, 102, 51, 55, 29, 20, 31
2014/9/25, 117, 54, 56, 33, 21, 27
2014/9/26, 114, 50, 43, 29, 19, 27
2014/9/27, 87, 40, 32, 21, 19, 25
2014/9/28, 68, 29, 30, 17, 19, 24
2014/9/29, 52, 22, 22, 21, 19, 23
2014/9/30, 59, 27, 28, 23, 19, 23
2024/1/24, , 30, 101, 11, , 
2024/1/31, , 14, 17, 16, , 
2024/2/3, , 19, 11, 7, , 
2024/2/6, , 23, 45, 15, , 
2024/2/18, , 13, 14, 10, , 
2024/3/2, , 34, 138, 11, , 
2024/3/13, , 21, 113, 15, , 
2024/3/24, , 23, 27, 13, , 
2023/7/26, , 7, 3, 7, , 
2023/6/21, , 11, 14, 4, , 
2021/2/7, , 19, 35, , , 
2020/11/8, , 40, 26, 32, , 
2020/8/3, , 8, 10, 13, , 
2020/8/16, , 3, 8, 11, , 
2020/3/31, , 35, 5, 9, , 
2019/12/31, , 51, 7, 25, , 
2020/2/16, , 53, 11, 22, , 
2019/10/8, , 29, 4, 20, , 
2019/12/22, , 54, 5, 22, , 
2019/7/27, , 10, 11, 4, , 
2019/9/2, , 14, 12, 18, , 
2019/9/23, , 67, 20, 23, , 
2019/5/27, , , 10, 27, , 
2019/6/13, , , 10, , , 
2017/7/9, , 15, 15, , 19, 
2017/6/8, , 27, 15, , 4, 
2017/6/21, , 36, 14, , 9, 
2016/4/3, , 56, 3, , 11, 10
2016/3/16, , 30, , , , 
2014/10/27, , 37, 22, 30, 19, 8
2014/12/2, , 26, 3, 15, 21, 15
2014/8/2, , 18, 8, , 12, 8
2014/8/3, , 28, 90, , 11, 21
2014/8/4, , 23, 85, , 28, 22
2014/8/5, , 22, 42, , 23, 21
2014/8/6, , 20, 42, , 23, 22
2014/8/7, , 16, 15, , 23, 26
2014/8/8, , 27, 72, , 22, 28
2014/8/9, , 24, 49, , 21, 24
2014/8/10, , 20, 29, , 16, 21
2014/8/11, , 19, 21, 8, 16, 20
2024/1/28, , , 133, 11, , 
2024/1/29, , , 42, 14, , 
2024/1/30, , , 19, 18, , 
2024/2/10, , , 38, 6, , 
2024/2/11, , , 41, 6, , 
2024/2/12, , , 13, 7, , 
2024/2/13, , , 16, 7, , 
2024/2/14, , , 20, 9, , 
2024/2/15, , , 21, 8, , 
2024/2/16, , , 25, 8, , 
2024/2/17, , , 19, 9, , 
2024/2/22, , , 118, 16, , 
2024/2/23, , , 130, 15, , 
2024/2/24, , , 146, 11, , 
2024/2/25, , , 141, 14, , 
2024/2/26, , , 145, 11, , 
2024/2/27, , , 141, 21, , 
2024/2/28, , , 146, 14, , 
2024/2/29, , , 149, 10, , 
2024/3/1, , , 141, 10, , 
2024/3/6, , , 90, 10, , 
2024/3/7, , , 131, 12, , 
2024/3/8, , , 130, 12, , 
2024/3/9, , , 130, 12, , 
2024/3/10, , , 128, 11, , 
2024/3/11, , , 126, 13, , 
2024/3/12, , , 112, 12, , 
2024/3/17, , , 32, 19, , 
2024/3/18, , , 114, 14, , 
2024/3/19, , , 126, 13, , 
2024/3/20, , , 120, 11, , 
2024/3/21, , , 111, 12, , 
2024/3/22, , , 37, 11, , 
2024/3/23, , , 33, 14, , 
2023/4/1, , , 12, 1, , 
2023/4/2, , , 11, 1, , 
2023/4/3, , , 12, 1, , 
2023/4/4, , , 12, 1, , 
2023/4/5, , , 13, 1, , 
2023/4/6, , , 14, 1, , 
2023/4/7, , , 16, 1, , 
2023/4/8, , , 20, 1, , 
2023/4/9, , , 17, 1, , 
2023/4/10, , , 18, 1, , 
2023/4/11, , , 23, 1, , 
2023/4/12, , , 22, 1, , 
2023/4/13, , , 22, 1, , 
2023/4/14, , , 21, 1, , 
2023/4/15, , , 18, 1, , 
2023/4/16, , , 15, 1, , 
2023/4/17, , , 12, 1, , 
2023/4/18, , , 12, 1, , 
2023/4/19, , , 11, 1, , 
2023/4/20, , , 11, 1, , 
2023/4/21, , , 11, 1, , 
2023/4/22, , , 10, 1, , 
2023/4/23, , , 10, 1, , 
2023/4/24, , , 10, 1, , 
2023/4/25, , , 10, 1, , 
2023/4/26, , , 10, 1, , 
2023/4/27, , , 10, 1, , 
2023/4/28, , , 10, 1, , 
2023/4/29, , , 10, 1, , 
2023/4/30, , , 10, 1, , 
2023/5/1, , , 10, 1, , 
2023/5/2, , , 10, 1, , 
2023/5/3, , , 10, 1, , 
2023/5/4, , , 10, 1, , 
2023/5/5, , , 10, 1, , 
2023/5/6, , , 10, 1, , 
2023/5/7, , , 10, 1, , 
2023/5/8, , , 11, 1, , 
2023/5/9, , , 10, 1, , 
2023/5/10, , , 11, 1, , 
2023/5/11, , , 10, 1, , 
2023/5/12, , , 10, 1, , 
2023/5/13, , , 11, 1, , 
2023/5/14, , , 10, 1, , 
2023/5/15, , , 11, 1, , 
2023/5/16, , , 11, 1, , 
2023/5/17, , , 11, 1, , 
2023/5/18, , , 10, 1, , 
2023/5/19, , , 10, 1, , 
2023/5/20, , , 10, 1, , 
2023/5/21, , , 10, 1, , 
2023/5/22, , , 10, 1, , 
2023/5/23, , , 10, 1, , 
2023/5/24, , , 11, 1, , 
2023/5/25, , , 11, 1, , 
2023/5/26, , , 10, 1, , 
2023/5/27, , , 11, 1, , 
2023/5/28, , , 10, 1, , 
2023/5/29, , , 11, 1, , 
2023/5/30, , , 13, 1, , 
2023/5/31, , , 12, 1, , 
2023/6/1, , , 12, 1, , 
2023/6/2, , , 11, 1, , 
2023/6/3, , , 12, 1, , 
2023/6/4, , , 11, 1, , 
2023/6/5, , , 12, 1, , 
2023/6/6, , , 13, 1, , 
2023/6/7, , , 12, 1, , 
2023/6/8, , , 12, 1, , 
2023/6/9, , , 12, 1, , 
2023/6/10, , , 11, 1, , 
2023/6/11, , , 10, 1, , 
2023/6/12, , , 11, 1, , 
2023/6/13, , , 11, 1, , 
2023/6/14, , , 11, 1, , 
2023/6/15, , , 12, 1, , 
2023/6/16, , , 11, 1, , 
2023/6/17, , , 10, 1, , 
2023/6/18, , , 11, 1, , 
2023/6/19, , , 11, 1, , 
2023/6/20, , , 12, 1, , 
2023/1/2, , , 7, 1, , 
2023/1/3, , , 6, 1, , 
2023/1/4, , , 8, 1, , 
2023/1/5, , , 7, 1, , 
2023/1/6, , , 15, 1, , 
2023/1/7, , , 12, 1, , 
2023/1/8, , , 13, 1, , 
2023/1/9, , , 7, 1, , 
2023/1/10, , , 7, 1, , 
2023/1/11, , , 9, 1, , 
2023/1/12, , , 7, 1, , 
2023/1/13, , , 7, 1, , 
2023/1/14, , , 7, 1, , 
2023/1/15, , , 21, 1, , 
2023/1/16, , , 18, 1, , 
2023/1/17, , , 12, 1, , 
2023/1/18, , , 10, 1, , 
2023/1/19, , , 13, 1, , 
2023/1/20, , , 17, 1, , 
2023/1/21, , , 20, 1, , 
2023/1/22, , , 11, 1, , 
2023/1/23, , , 9, 1, , 
2023/1/24, , , 26, 1, , 
2023/1/25, , , 20, 1, , 
2023/1/26, , , 10, 1, , 
2023/1/27, , , 15, 1, , 
2023/1/28, , , 22, , , 
2023/1/29, , , 28, , , 
2023/1/30, , , 35, , , 
2023/1/31, , , 18, , , 
2023/2/1, , , 13, , , 
2023/2/2, , , 10, , , 
2023/2/10, , , 7, 1, , 
2023/2/11, , , 8, 1, , 
2023/2/12, , , 7, 1, , 
2023/2/13, , , 7, 1, , 
2023/2/14, , , 7, 1, , 
2023/2/15, , , 19, 1, , 
2023/2/16, , , 13, 1, , 
2023/2/17, , , 14, 1, , 
2023/2/18, , , 16, 1, , 
2023/2/19, , , 10, 1, , 
2023/2/20, , , 18, 1, , 
2023/2/21, , , 24, 1, , 
2023/2/22, , , 21, 1, , 
2023/2/23, , , 15, 1, , 
2023/2/24, , , 18, 1, , 
2023/2/25, , , 21, 1, , 
2023/2/26, , , 24, 1, , 
2023/2/27, , , 25, 1, , 
2023/2/28, , , 14, 1, , 
2023/3/1, , , 13, 1, , 
2023/3/2, , , 22, 1, , 
2023/3/3, , , 17, 1, , 
2023/3/4, , , 16, 1, , 
2023/3/5, , , 21, 1, , 
2023/3/6, , , 18, 1, , 
2023/3/7, , , 33, 2, , 
2023/3/8, , , 23, 1, , 
2023/3/9, , , 28, 1, , 
2023/3/10, , , 21, 1, , 
2023/3/11, , , 24, 1, , 
2023/3/12, , , 17, 1, , 
2023/3/13, , , 13, 1, , 
2023/3/14, , , 26, 1, , 
2023/3/15, , , 16, 1, , 
2023/3/16, , , 17, 1, , 
2023/3/17, , , 14, 1, , 
2023/3/18, , , 14, 1, , 
2023/3/19, , , 31, 1, , 
2023/3/20, , , 32, 1, , 
2023/3/21, , , 39, 1, , 
2023/3/22, , , 85, 1, , 
2023/3/23, , , 53, 1, , 
2023/3/24, , , 37, 1, , 
2023/3/25, , , 24, 1, , 
2023/3/26, , , 23, 1, , 
2023/3/28, , , 6, 1, , 
2023/3/29, , , 12, 1, , 
2023/3/30, , , 13, 1, , 
2023/3/31, , , 12, 1, , 
2022/10/1, , , 5, 1, , 
2022/10/2, , , 5, 1, , 
2022/10/3, , , 8, 1, , 
2022/10/4, , , 6, 1, , 
2022/10/5, , , 9, 1, , 
2022/10/6, , , 8, 1, , 
2022/10/7, , , 6, 1, , 
2022/10/8, , , 7, 1, , 
2022/10/9, , , 8, 1, , 
2022/10/10, , , 7, 1, , 
2022/10/11, , , 14, 1, , 
2022/10/12, , , 27, 1, , 
2022/10/13, , , 28, 1, , 
2022/10/14, , , 32, 1, , 
2022/10/15, , , 28, 1, , 
2022/10/16, , , 27, 1, , 
2022/10/17, , , 37, 1, , 
2022/10/18, , , 35, 1, , 
2022/10/19, , , 26, 1, , 
2022/10/20, , , 9, 1, , 
2022/10/21, , , 13, 1, , 
2022/10/22, , , 19, 1, , 
2022/10/23, , , 17, 1, , 
2022/10/24, , , 32, 1, , 
2022/10/25, , , 20, 1, , 
2022/10/26, , , 11, 1, , 
2022/10/27, , , 9, 1, , 
2022/10/28, , , 19, 1, , 
2022/10/29, , , 21, 1, , 
2022/10/30, , , 17, 1, , 
2022/10/31, , , 21, 1, , 
2022/11/1, , , 20, 1, , 
2022/11/2, , , 21, 1, , 
2022/11/3, , , 30, 1, , 
2022/11/4, , , 18, 1, , 
2022/11/5, , , 19, 1, , 
2022/11/6, , , 14, 1, , 
2022/11/7, , , 16, 1, , 
2022/11/8, , , 13, 1, , 
2022/11/9, , , 8, 1, , 
2022/11/10, , , 6, 1, , 
2022/11/11, , , 9, 1, , 
2022/11/12, , , 8, 1, , 
2022/11/13, , , 8, 1, , 
2022/11/14, , , 7, 1, , 
2022/11/15, , , 11, 1, , 
2022/11/16, , , 8, 1, , 
2022/11/17, , , 9, 1, , 
2022/11/18, , , 8, 1, , 
2022/11/19, , , 8, 1, , 
2022/11/20, , , 9, 1, , 
2022/11/21, , , 9, 1, , 
2022/11/22, , , 7, 1, , 
2022/11/23, , , 8, 1, , 
2022/11/24, , , 7, 1, , 
2022/11/25, , , 7, 1, , 
2022/11/26, , , 7, 1, , 
2022/11/27, , , 6, 1, , 
2022/11/28, , , 6, 1, , 
2022/11/29, , , 6, 1, , 
2022/11/30, , , 6, 1, , 
2022/12/1, , , 2, 1, , 
2022/12/2, , , 2, 1, , 
2022/12/3, , , 2, 1, , 
2022/12/4, , , 3, 1, , 
2022/12/5, , , 3, 1, , 
2022/12/6, , , 5, 1, , 
2022/12/7, , , 6, 1, , 
2022/12/8, , , 16, 1, , 
2022/12/9, , , 3, 1, , 
2022/12/10, , , 6, 1, , 
2022/12/11, , , 15, 1, , 
2022/12/12, , , 17, 1, , 
2022/12/13, , , 15, 1, , 
2022/12/14, , , 20, 1, , 
2022/12/15, , , 21, 1, , 
2022/12/16, , , 14, 1, , 
2022/12/17, , , 25, 1, , 
2022/12/18, , , 21, 2, , 
2022/12/19, , , 15, 1, , 
2022/12/20, , , 11, 1, , 
2022/12/21, , , 16, 1, , 
2022/12/22, , , 12, 1, , 
2022/12/23, , , 26, 1, , 
2022/12/24, , , 29, 1, , 
2022/12/25, , , 18, 1, , 
2022/12/26, , , 13, 1, , 
2022/12/27, , , 17, 1, , 
2022/12/28, , , 17, 1, , 
2022/12/29, , , 17, 1, , 
2022/12/30, , , 10, 1, , 
2022/12/31, , , 9, 1, , 
2023/1/1, , , 13, 1, , 
2022/7/1, , , 20, 1, , 
2022/7/2, , , 16, 1, , 
2022/7/3, , , 22, 1, , 
2022/7/4, , , 23, 1, , 
2022/7/5, , , 24, 1, , 
2022/7/6, , , 29, 1, , 
2022/7/7, , , 22, 1, , 
2022/7/8, , , 22, 1, , 
2022/7/9, , , 21, 1, , 
2022/7/10, , , 23, 1, , 
2022/7/11, , , 24, 1, , 
2022/7/12, , , 18, 1, , 
2022/7/13, , , 5, 1, , 
2022/7/14, , , 4, 1, , 
2022/7/15, , , 5, 1, , 
2022/7/16, , , 6, 1, , 
2022/7/17, , , 8, 1, , 
2022/7/18, , , 9, 1, , 
2022/7/19, , , 8, 1, , 
2022/7/20, , , 6, 1, , 
2022/7/21, , , 8, 1, , 
2022/7/22, , , 8, 1, , 
2022/7/23, , , 9, 1, , 
2022/7/24, , , 8, 1, , 
2022/7/25, , , 6, 1, , 
2022/7/26, , , 9, 1, , 
2022/7/27, , , 6, 1, , 
2022/7/28, , , 9, 1, , 
2022/7/29, , , 7, 1, , 
2022/7/30, , , 9, 1, , 
2022/7/31, , , 12, 1, , 
2022/8/1, , , 11, 1, , 
2022/8/2, , , 8, 1, , 
2022/8/3, , , 11, 1, , 
2022/8/4, , , 11, 1, , 
2022/8/5, , , 8, 1, , 
2022/8/6, , , 6, 1, , 
2022/8/7, , , 8, 1, , 
2022/8/8, , , 10, 1, , 
2022/8/9, , , 11, 1, , 
2022/8/10, , , 7, 1, , 
2022/8/11, , , 8, 1, , 
2022/8/12, , , 7, 1, , 
2022/8/13, , , 6, 1, , 
2022/8/14, , , 9, 1, , 
2022/8/15, , , 9, 1, , 
2022/8/16, , , 8, 1, , 
2022/8/17, , , 7, 1, , 
2022/8/18, , , 9, 1, , 
2022/8/19, , , 11, 1, , 
2022/8/20, , , 7, 1, , 
2022/8/21, , , 7, 1, , 
2022/8/22, , , 8, 1, , 
2022/8/23, , , 9, 1, , 
2022/8/24, , , 14, 1, , 
2022/8/25, , , 10, 1, , 
2022/8/26, , , 6, 1, , 
2022/8/27, , , 6, 1, , 
2022/8/28, , , 6, 1, , 
2022/8/29, , , 5, 1, , 
2022/8/30, , , 6, 1, , 
2022/8/31, , , 6, 1, , 
2022/9/1, , , 7, 1, , 
2022/9/2, , , 11, 1, , 
2022/9/3, , , 22, 1, , 
2022/9/4, , , 18, 1, , 
2022/9/5, , , 14, 1, , 
2022/9/6, , , 16, 1, , 
2022/9/7, , , 20, 1, , 
2022/9/8, , , 6, 1, , 
2022/9/9, , , 5, 1, , 
2022/9/10, , , 6, 1, , 
2022/9/11, , , 7, 1, , 
2022/9/12, , , 10, 1, , 
2022/9/13, , , 16, 1, , 
2022/9/14, , , 12, 1, , 
2022/9/15, , , 10, 1, , 
2022/9/16, , , 7, 1, , 
2022/9/17, , , 4, 1, , 
2022/9/18, , , 15, 1, , 
2022/9/19, , , 10, 1, , 
2022/9/20, , , 7, 1, , 
2022/9/21, , , 11, 1, , 
2022/9/22, , , 10, 1, , 
2022/9/23, , , 15, 1, , 
2022/9/24, , , 13, 1, , 
2022/9/25, , , 11, 1, , 
2022/9/26, , , 18, 1, , 
2022/9/27, , , 21, 1, , 
2022/9/28, , , 16, 1, , 
2022/9/29, , , 6, 1, , 
2022/9/30, , , 5, 1, , 
2022/4/1, , , 14, 1, , 
2022/4/2, , , 18, 1, , 
2022/4/3, , , 38, 1, , 
2022/4/4, , , 45, 1, , 
2022/4/5, , , 47, 1, , 
2022/4/6, , , 47, 1, , 
2022/4/7, , , 34, 1, , 
2022/4/8, , , 44, 1, , 
2022/4/9, , , 32, 1, , 
2022/4/10, , , 21, 1, , 
2022/4/11, , , 13, 1, , 
2022/4/12, , , 8, 1, , 
2022/4/13, , , 13, 1, , 
2022/4/14, , , 22, 1, , 
2022/4/15, , , 13, 1, , 
2022/4/16, , , 11, 1, , 
2022/4/17, , , 7, 1, , 
2022/4/18, , , 6, 1, , 
2022/4/19, , , 12, 1, , 
2022/4/20, , , 10, 1, , 
2022/4/21, , , 14, 1, , 
2022/4/22, , , 12, 1, , 
2022/4/23, , , 9, 1, , 
2022/4/24, , , 8, 1, , 
2022/4/25, , , 9, 1, , 
2022/4/26, , , 16, 1, , 
2022/4/27, , , 14, 1, , 
2022/4/28, , , 14, 1, , 
2022/4/29, , , 19, 1, , 
2022/4/30, , , 18, 1, , 
2022/5/1, , , 14, 1, , 
2022/5/2, , , 17, 1, , 
2022/5/3, , , 32, 1, , 
2022/5/4, , , 36, 1, , 
2022/5/5, , , 20, 1, , 
2022/5/6, , , 14, 1, , 
2022/5/7, , , 12, 1, , 
2022/5/8, , , 8, 1, , 
2022/5/9, , , 19, 1, , 
2022/5/10, , , 13, 1, , 
2022/5/11, , , 20, 1, , 
2022/5/12, , , 15, 1, , 
2022/5/13, , , 17, 1, , 
2022/5/14, , , 16, 1, , 
2022/5/15, , , 15, 1, , 
2022/5/16, , , 12, 1, , 
2022/5/17, , , 15, 1, , 
2022/5/18, , , 18, 1, , 
2022/5/19, , , 14, 1, , 
2022/5/20, , , 15, 1, , 
2022/5/21, , , 21, 1, , 
2022/5/22, , , 16, 1, , 
2022/5/23, , , 16, 1, , 
2022/5/24, , , 17, 1, , 
2022/5/25, , , 16, 1, , 
2022/5/26, , , 19, 1, , 
2022/5/27, , , 21, 1, , 
2022/5/28, , , 20, 1, , 
2022/5/29, , , 23, 1, , 
2022/5/30, , , 25, 1, , 
2022/5/31, , , 19, 1, , 
2022/6/1, , , 20, 1, , 
2022/6/2, , , 27, 1, , 
2022/6/3, , , 24, 1, , 
2022/6/4, , , 27, 1, , 
2022/6/5, , , 25, 1, , 
2022/6/6, , , 22, 1, , 
2022/6/7, , , 18, 1, , 
2022/6/8, , , 17, 1, , 
2022/6/9, , , 18, 1, , 
2022/6/10, , , 27, 1, , 
2022/6/11, , , 19, 1, , 
2022/6/12, , , 22, 1, , 
2022/6/13, , , 23, 1, , 
2022/6/14, , , 21, 1, , 
2022/6/15, , , 20, 1, , 
2022/6/16, , , 19, 1, , 
2022/6/17, , , 20, 1, , 
2022/6/18, , , 25, 1, , 
2022/6/19, , , 21, 1, , 
2022/6/20, , , 29, 1, , 
2022/6/21, , , 20, 1, , 
2022/6/22, , , 20, 1, , 
2022/6/23, , , 21, 1, , 
2022/6/24, , , 16, 1, , 
2022/6/25, , , 18, 1, , 
2022/6/26, , , 19, 1, , 
2022/6/27, , , 18, 1, , 
2022/6/28, , , 22, 1, , 
2022/6/29, , , 23, 1, , 
2022/6/30, , , 14, 1, , 
2022/1/3, , , 11, 10, , 
2022/1/4, , , 10, 9, , 
2022/1/5, , , 11, 6, , 
2022/1/6, , , 7, 1, , 
2022/1/7, , , 11, 1, , 
2022/1/8, , , 9, 1, , 
2022/1/9, , , 6, 1, , 
2022/1/10, , , 4, 1, , 
2022/1/11, , , 5, 1, , 
2022/1/12, , , 4, 1, , 
2022/1/13, , , 4, 1, , 
2022/1/14, , , 4, 1, , 
2022/1/15, , , 4, 1, , 
2022/1/16, , , 5, 1, , 
2022/1/17, , , 3, 1, , 
2022/1/18, , , 5, 1, , 
2022/1/19, , , 8, 1, , 
2022/1/20, , , 5, 1, , 
2022/1/21, , , 6, 1, , 
2022/1/22, , , 5, 1, , 
2022/1/23, , , 3, 1, , 
2022/1/24, , , 2, 1, , 
2022/1/25, , , 2, 1, , 
2022/1/26, , , 3, 1, , 
2022/1/27, , , 3, 1, , 
2022/1/28, , , 5, 1, , 
2022/1/29, , , 3, 1, , 
2022/1/30, , , 3, 1, , 
2022/1/31, , , 4, 1, , 
2022/2/1, , , 4, 1, , 
2022/2/2, , , 4, 1, , 
2022/2/3, , , 4, 1, , 
2022/2/4, , , 5, 1, , 
2022/2/5, , , 7, 1, , 
2022/2/6, , , 7, 1, , 
2022/2/7, , , 3, 1, , 
2022/2/8, , , 2, 1, , 
2022/2/9, , , 2, 1, , 
2022/2/10, , , 2, 1, , 
2022/2/11, , , 3, 1, , 
2022/2/12, , , 2, 1, , 
2022/2/13, , , 2, 1, , 
2022/2/14, , , 3, 1, , 
2022/2/15, , , 3, 1, , 
2022/2/16, , , 3, 1, , 
2022/2/17, , , 3, 1, , 
2022/2/18, , , 3, 1, , 
2022/2/19, , , 5, 1, , 
2022/2/20, , , 8, 1, , 
2022/2/21, , , 6, 1, , 
2022/2/22, , , 6, 1, , 
2022/2/23, , , 7, 1, , 
2022/2/24, , , 11, 1, , 
2022/2/25, , , 15, 1, , 
2022/2/26, , , 13, 1, , 
2022/2/27, , , 19, 1, , 
2022/2/28, , , 15, 1, , 
2022/3/1, , , 9, 1, , 
2022/3/2, , , 11, 1, , 
2022/3/3, , , 15, 1, , 
2022/3/4, , , 6, 1, , 
2022/3/5, , , 4, 1, , 
2022/3/6, , , 4, , , 
2022/3/7, , , 4, 1, , 
2022/3/8, , , 18, 1, , 
2022/3/9, , , 11, 1, , 
2022/3/10, , , 11, 1, , 
2022/3/11, , , 22, , , 
2022/3/14, , , 16, 1, , 
2022/3/15, , , 13, 1, , 
2022/3/16, , , 11, 1, , 
2022/3/17, , , 11, 1, , 
2022/3/18, , , 11, 1, , 
2022/3/19, , , 14, 1, , 
2022/3/20, , , 13, 1, , 
2022/3/21, , , 12, 1, , 
2022/3/22, , , 12, 1, , 
2022/3/23, , , 12, 1, , 
2022/3/24, , , 6, 1, , 
2022/3/25, , , 4, 1, , 
2022/3/26, , , 9, 1, , 
2022/3/27, , , 11, 1, , 
2022/3/28, , , 8, 1, , 
2022/3/29, , , 6, 1, , 
2022/3/30, , , 6, 1, , 
2022/3/31, , , 10, 1, , 
2021/10/1, , , 7, 10, , 
2021/10/2, , , 9, 10, , 
2021/10/3, , , 12, 16, , 
2021/10/4, , , 9, 15, , 
2021/10/5, , , 11, 16, , 
2021/10/6, , , 16, 11, , 
2021/10/7, , , 15, 11, , 
2021/10/8, , , 15, 6, , 
2021/10/9, , , 11, 5, , 
2021/10/10, , , 9, 7, , 
2021/10/11, , , 9, 7, , 
2021/10/12, , , 11, 7, , 
2021/10/13, , , 11, 9, , 
2021/10/14, , , 9, 7, , 
2021/10/15, , , 9, 9, , 
2021/10/16, , , 8, 7, , 
2021/10/17, , , 9, 7, , 
2021/10/18, , , 7, 12, , 
2021/10/19, , , 8, 11, , 
2021/10/20, , , 9, 8, , 
2021/10/21, , , 7, 9, , 
2021/10/22, , , 9, 13, , 
2021/10/23, , , 9, 12, , 
2021/10/24, , , 11, 15, , 
2021/10/25, , , 16, 18, , 
2021/10/26, , , 18, 16, , 
2021/10/27, , , 15, 15, , 
2021/10/28, , , 12, 17, , 
2021/10/29, , , 10, 13, , 
2021/10/30, , , 8, 12, , 
2021/10/31, , , 6, 14, , 
2021/11/1, , , 7, 14, , 
2021/11/2, , , 7, 12, , 
2021/11/3, , , 8, 12, , 
2021/11/4, , , 10, 8, , 
2021/11/5, , , 8, 8, , 
2021/11/6, , , 10, 10, , 
2021/11/7, , , 8, 10, , 
2021/11/8, , , 13, 16, , 
2021/11/9, , , 11, 12, , 
2021/11/10, , , 10, , , 
2021/11/13, , , 10, 18, , 
2021/11/14, , , 16, 23, , 
2021/11/15, , , 15, 26, , 
2021/11/16, , , 12, 22, , 
2021/11/17, , , 8, 20, , 
2021/11/18, , , 9, 17, , 
2021/11/19, , , 16, 15, , 
2021/11/20, , , 16, 13, , 
2021/11/21, , , 13, 12, , 
2021/11/22, , , 19, 15, , 
2021/11/23, , , 16, 16, , 
2021/11/24, , , 19, 19, , 
2021/11/25, , , 20, 21, , 
2021/11/26, , , 18, 24, , 
2021/11/27, , , 17, 22, , 
2021/11/28, , , 21, 22, , 
2021/11/29, , , 22, 17, , 
2021/11/30, , , 19, 21, , 
2021/12/1, , , 18, 22, , 
2021/12/2, , , 16, 22, , 
2021/12/3, , , 15, 21, , 
2021/12/4, , , 18, 20, , 
2021/12/5, , , 16, 21, , 
2021/12/6, , , 17, 21, , 
2021/12/7, , , 17, 24, , 
2021/12/8, , , 12, 20, , 
2021/12/9, , , 21, 16, , 
2021/12/10, , , 22, 17, , 
2021/12/11, , , 16, 15, , 
2021/12/12, , , 18, 13, , 
2021/12/13, , , 12, 16, , 
2021/12/14, , , 19, 16, , 
2021/12/15, , , 16, 14, , 
2021/12/16, , , 12, 13, , 
2021/12/17, , , 11, 14, , 
2021/12/18, , , 16, 15, , 
2021/12/19, , , 13, 15, , 
2021/12/20, , , 10, 14, , 
2021/12/21, , , 11, 15, , 
2021/12/22, , , 8, 13, , 
2021/12/23, , , 11, 14, , 
2021/12/24, , , 11, 14, , 
2021/12/25, , , 15, 13, , 
2021/12/26, , , 10, 7, , 
2021/12/27, , , 10, 11, , 
2021/12/28, , , 10, 12, , 
2021/12/29, , , 10, 8, , 
2021/12/30, , , 10, 12, , 
2021/12/31, , , 9, 11, , 
2022/1/1, , , 14, 7, , 
2022/1/2, , , 12, 12, , 
2021/7/1, , , 11, 9, , 
2021/7/2, , , 10, 12, , 
2021/7/3, , , 11, 10, , 
2021/7/4, , , 10, 12, , 
2021/7/5, , , 9, 15, , 
2021/7/6, , , 3, 15, , 
2021/7/7, , , 8, 8, , 
2021/7/8, , , 6, 9, , 
2021/7/9, , , 5, 11, , 
2021/7/10, , , 7, 9, , 
2021/7/11, , , 5, 7, , 
2021/7/12, , , 6, 7, , 
2021/7/13, , , 6, 7, , 
2021/7/14, , , 5, 8, , 
2021/7/15, , , 6, 8, , 
2021/7/16, , , 5, 8, , 
2021/7/17, , , 7, 10, , 
2021/7/18, , , 7, 12, , 
2021/7/19, , , 10, 16, , 
2021/7/20, , , 9, 15, , 
2021/7/21, , , 7, 15, , 
2021/7/22, , , 6, 13, , 
2021/7/23, , , 5, 9, , 
2021/7/24, , , 7, 12, , 
2021/7/25, , , 9, 13, , 
2021/7/26, , , 18, 11, , 
2021/7/27, , , 16, 19, , 
2021/7/28, , , 5, 17, , 
2021/7/29, , , 6, 11, , 
2021/7/30, , , 14, 11, , 
2021/7/31, , , 16, 9, , 
2021/8/1, , , 8, 13, , 
2021/8/2, , , 13, 18, , 
2021/8/3, , , 20, 13, , 
2021/8/4, , , 31, 16, , 
2021/8/5, , , 18, 17, , 
2021/8/6, , , 16, 16, , 
2021/8/7, , , 22, 13, , 
2021/8/8, , , 13, 14, , 
2021/8/9, , , 8, 13, , 
2021/8/10, , , 3, 12, , 
2021/8/11, , , 6, 12, , 
2021/8/12, , , 5, 11, , 
2021/8/13, , , 7, 7, , 
2021/8/14, , , 7, 8, , 
2021/8/15, , , 6, 11, , 
2021/8/16, , , 4, 10, , 
2021/8/17, , , 7, 9, , 
2021/8/18, , , 8, 9, , 
2021/8/19, , , 8, 9, , 
2021/8/20, , , 6, 6, , 
2021/8/21, , , 6, 6, , 
2021/8/22, , , 10, 9, , 
2021/8/23, , , 10, 7, , 
2021/8/24, , , 12, 7, , 
2021/8/25, , , 10, 9, , 
2021/8/26, , , 6, 10, , 
2021/8/27, , , 4, 13, , 
2021/8/28, , , 3, 11, , 
2021/8/29, , , 6, 13, , 
2021/8/30, , , 4, 13, , 
2021/8/31, , , 9, 11, , 
2021/9/1, , , 7, 11, , 
2021/9/2, , , 5, 8, , 
2021/9/3, , , 6, 7, , 
2021/9/4, , , 9, 8, , 
2021/9/5, , , 6, 11, , 
2021/9/6, , , 6, 10, , 
2021/9/7, , , 6, 9, , 
2021/9/8, , , 7, 11, , 
2021/9/9, , , 5, 9, , 
2021/9/10, , , 12, 12, , 
2021/9/11, , , 13, 10, , 
2021/9/12, , , 20, 14, , 
2021/9/13, , , 13, 10, , 
2021/9/14, , , 7, 8, , 
2021/9/15, , , 22, 8, , 
2021/9/16, , , 29, 8, , 
2021/9/17, , , 23, 7, , 
2021/9/18, , , 51, , , 
2021/9/20, , , 4, 10, , 
2021/9/21, , , 10, 14, , 
2021/9/22, , , 6, 10, , 
2021/9/23, , , 7, 7, , 
2021/9/24, , , 12, 9, , 
2021/9/25, , , 5, 11, , 
2021/9/26, , , 8, 10, , 
2021/9/27, , , 9, 11, , 
2021/9/28, , , 8, 11, , 
2021/9/29, , , 7, 10, , 
2021/9/30, , , 6, 11, , 
2021/4/1, , , 8, , , 
2021/4/2, , , 6, , , 
2021/4/3, , , 3, , , 
2021/4/4, , , 3, , , 
2021/4/5, , , 9, , , 
2021/4/6, , , 16, , , 
2021/4/7, , , 15, , , 
2021/4/8, , , 13, , , 
2021/4/9, , , 13, , , 
2021/4/10, , , 14, , , 
2021/4/11, , , 12, , , 
2021/4/12, , , 11, , , 
2021/4/13, , , 12, , , 
2021/4/14, , , 10, , , 
2021/4/15, , , 8, , , 
2021/4/16, , , 8, , , 
2021/4/17, , , 4, , , 
2021/4/18, , , 7, , , 
2021/4/19, , , 8, , , 
2021/4/20, , , 10, , , 
2021/4/21, , , 9, , , 
2021/4/22, , , 10, , , 
2021/4/23, , , 8, , , 
2021/4/24, , , 7, , , 
2021/4/25, , , 7, , , 
2021/4/26, , , 6, , , 
2021/4/27, , , 8, , , 
2021/4/28, , , 11, , , 
2021/4/29, , , 7, , , 
2021/6/2, , , 16, , , 
2021/6/3, , , 22, , , 
2021/6/4, , , 13, , , 
2021/6/5, , , 17, , , 
2021/6/6, , , 23, , , 
2021/6/7, , , 19, , , 
2021/6/8, , , 12, , , 
2021/6/9, , , 8, , , 
2021/6/10, , , 9, , , 
2021/6/11, , , 5, , , 
2021/6/12, , , 6, , , 
2021/6/13, , , 7, , , 
2021/6/14, , , 9, , , 
2021/6/15, , , 8, , , 
2021/6/16, , , 10, , , 
2021/6/17, , , 11, , , 
2021/6/18, , , 12, , , 
2021/6/19, , , 16, , , 
2021/6/20, , , 20, , , 
2021/6/21, , , 23, , , 
2021/6/22, , , 13, , , 
2021/6/23, , , 18, , , 
2021/6/24, , , 5, , , 
2021/6/25, , , 4, , , 
2021/6/26, , , 8, , , 
2021/6/27, , , 10, , , 
2021/6/28, , , 9, 8, , 
2021/6/29, , , 14, 7, , 
2021/6/30, , , 17, 9, , 
2021/3/19, , , 7, , , 
2021/3/20, , , 10, , , 
2021/3/21, , , 10, , , 
2021/3/22, , , 15, , , 
2021/3/23, , , 14, , , 
2021/3/24, , , 16, , , 
2021/3/25, , , 11, , , 
2021/3/26, , , 7, , , 
2021/3/27, , , 6, , , 
2021/3/28, , , 4, , , 
2021/3/29, , , 7, , , 
2021/3/30, , , 7, , , 
2021/3/31, , , 6, , , 
2016/11/24, , , 6, , 10, 16
2016/11/25, , , 9, , 10, 15
2016/11/26, , , 15, , 10, 16
2016/11/27, , , 17, , 10, 18
2016/11/28, , , 18, , 10, 18
2016/11/29, , , 17, , 11, 16
2016/11/30, , , 22, , 10, 15
2016/12/1, , , 17, , 10, 19
2016/12/2, , , 18, , 10, 18
2016/12/3, , , 15, , 10, 21
2016/12/4, , , 14, , 11, 21
2016/12/5, , , 13, 9, 17, 19
2016/12/6, , , 39, , 11, 20
2016/12/7, , , 20, , 11, 19
2016/12/8, , , 17, , 10, 20
2016/12/9, , , 20, , 9, 20
2016/12/10, , , 13, , , 
2016/9/13, , , 16, , , 
2016/1/23, , , 11, , 9, 90
2016/1/24, , , 26, , 8, 86
2016/1/25, , , 26, , 11, 89
2016/1/26, , , 23, , 8, 87
2016/1/27, , , 8, , 9, 90
2016/1/28, , , 1, , 9, 94
2016/2/6, , , 44, , 17, 95
2016/2/7, , , 84, , 15, 94
2016/2/8, , , 64, , 14, 88
2016/2/19, , , 25, , 15, 92
2016/2/20, , , 13, , 15, 92
2016/2/22, , , 6, , 14, 98
2016/2/23, , , 15, , 13, 92
2016/2/24, , , 20, , 12, 89
2016/2/25, , , 24, , 12, 89
2016/2/26, , , 25, , 12, 88
2016/2/27, , , 21, , 16, 89
2016/2/28, , , 29, , 17, 91
2016/2/29, , , 48, , 17, 93
2016/3/1, , , 53, , 21, 92
2016/3/4, , , 12, , 16, 93
2016/3/5, , , 9, , 18, 93
2014/11/25, , , 22, 22, 22, 11
2014/11/26, , , 29, 23, 24, 31
2014/11/27, , , 30, 22, 25, 26
2014/11/28, , , 31, 19, 23, 25
2014/11/29, , , 23, 18, 24, 26
2014/11/30, , , 23, 19, 23, 29
2014/12/1, , , 26, 14, 23, 29
2023/2/9, , , , 1, , 
2023/3/27, , , , 1, , 
2022/3/13, , , , 1, , 
2021/11/12, , , , 20, , 
2021/9/19, , , , 15, , 
2016/11/23, , , , , 10, 17
2016/9/12, , , , , 39, 11
2014/8/17, , , , 7, , 
2019/1/25, , , , , 500, 
2019/1/26, , , , , 500, 
2019/1/27, , , , , 500, 
2019/1/28, , , , , 500, 
2019/1/29, , , , , 500, 
2019/1/30, , , , , 500, 
2019/1/31, , , , , 500, 
2019/2/1, , , , , 500, 
2019/2/2, , , , , 500, 
2019/2/3, , , , , 500, 
2019/2/4, , , , , 500, 
2019/2/5, , , , , 500, 
2019/2/6, , , , , 500, 
2019/2/7, , , , , 500, 
2019/2/8, , , , , 500, 
2019/2/9, , , , , 500, 
2019/2/10, , , , , 500, 
2019/2/11, , , , , 500, 
2019/2/12, , , , , 500, 
2019/2/13, , , , , 500, 
2019/2/14, , , , , 500, 
2019/2/15, , , , , 500, 
2019/3/3, , , , , 500, 
2019/3/4, , , , , 500, 
2019/3/5, , , , , 500, 
2019/3/6, , , , , 500, 
2019/3/7, , , , , 500, 
2019/3/8, , , , , 500, 
2019/3/9, , , , , 500, 
2019/3/12, , , , , 500, 
2019/3/14, , , , , 500, 
2019/3/15, , , , , 500, 
2019/3/16, , , , , 500, 
2019/3/17, , , , , 500, 
2019/3/18, , , , , 500, 
2019/3/20, , , , , 500, 
2019/3/21, , , , , 500, 
2019/3/22, , , , , 500, 
2019/3/23, , , , , 500, 
2019/3/24, , , , , 500, 
2019/3/25, , , , , 500, 
2019/3/26, , , , , 500, 
2019/3/27, , , , , 500, 
2019/3/28, , , , , 500, 
2019/3/29, , , , , 500, 
2019/3/30, , , , , 500, 
2018/11/6, , , , , 500, 
2018/11/7, , , , , 500, 
2018/11/8, , , , , 500, 
2018/11/9, , , , , 500, 
2018/11/10, , , , , 500, 
2018/11/11, , , , , 500, 
2018/11/12, , , , , 500, 
2018/11/13, , , , , 500, 
2018/11/14, , , , , 500, 
2018/11/15, , , , , 500, 
2018/11/16, , , , , 500, 
2018/11/17, , , , , 500, 
2018/11/18, , , , , 500, 
2018/11/19, , , , , 500, 
2018/11/20, , , , , 500, 
2018/11/21, , , , , 500, 
2018/11/22, , , , , 500, 
2018/11/23, , , , , 500, 
2018/11/24, , , , , 500, 
2018/11/25, , , , , 500, 
2018/11/26, , , , , 500, 
2018/11/27, , , , , 500, 
2018/11/28, , , , , 500, 
2018/11/29, , , , , 500, 
2018/11/30, , , , , 500, 
2018/12/1, , , , , 500, 
2018/12/3, , , , , 500, 
2018/12/4, , , , , 500, 
2018/12/5, , , , , 500, 
2018/12/6, , , , , 500, 
2018/12/7, , , , , 500, 
2018/12/8, , , , , 500, 
2018/12/9, , , , , 500, 
2018/12/10, , , , , 500, 
2018/12/11, , , , , 500, 
2018/12/12, , , , , 500, 
2018/12/13, , , , , 500, 
2018/12/14, , , , , 500, 
2018/12/15, , , , , 500, 
2018/9/9, , , , , 500, 
2018/9/10, , , , , 500, 
2018/9/11, , , , , 500, 
2018/9/12, , , , , 500, 
2018/9/13, , , , , 500, 
2018/9/14, , , , , 500, 
2018/9/15, , , , , 500, 
2018/9/16, , , , , 500, 
2018/9/17, , , , , 500, 
2018/9/18, , , , , 500, 
2018/9/19, , , , , 500, 
2018/9/20, , , , , 500, 